City_ID,City,Lat,Lng,Max Temp,Humidity,Cloudiness,Wind Speed,Country,Date
0,aasiaat,68.7098,-52.8699,-18.62,88,39,2.72,GL,1730174453
1,hawaiian paradise park,19.5933,-154.9731,24.39,96,100,3.67,US,1730174314
2,blackmans bay,-43.0167,147.3167,21.07,47,13,2.7,AU,1730174268
3,ribeira grande,38.5167,-28.7,18.21,69,45,3.42,PT,1730174366
4,berdigestyakh,62.0989,126.6992,-10.73,91,100,1.76,RU,1730174458
5,helena valley west central,46.6629,-112.0604,2.49,70,0,0.45,US,1730174463
6,val-d'or,48.1002,-77.7828,2.05,41,100,7.2,CA,1730174344
7,adamstown,-25.066,-130.1015,21.05,75,16,3.1,PN,1730174278
8,akureyri,65.6835,-18.0878,4.96,75,75,3.09,IS,1730174467
9,kingston,17.997,-76.7936,28.53,84,20,3.6,JM,1730174386
10,tamanrasset,22.785,5.5228,16.95,27,0,3.09,DZ,1730174470
11,jamestown,42.097,-79.2353,9.8,77,0,3.09,US,1730174409
12,island harbour,50.724,-1.2758,14.45,73,97,0.89,GB,1730174472
13,port-aux-francais,-49.35,70.2167,2.48,89,98,8.3,TF,1730174313
14,porto velho,-8.7619,-63.9039,25.03,94,0,0.0,BR,1730174395
15,lagunas,-5.2269,-75.6753,22.43,99,100,0.9,PE,1730174476
16,happy valley-goose bay,53.3168,-60.3315,-0.83,64,75,5.66,CA,1730174477
17,petropavlovsk-kamchatsky,53.0452,158.6483,3.33,45,75,12.0,RU,1730174478
18,kapuskasing,49.4169,-82.4331,4.05,75,100,8.23,CA,1730174479
19,iqaluit,63.7506,-68.5145,-7.15,85,100,4.12,CA,1730174390
20,ushuaia,-54.8,-68.3,5.81,70,0,2.57,AR,1730174455
21,kourou,5.1552,-52.6478,24.25,86,100,1.81,GF,1730174483
22,afaahiti,-17.75,-149.2833,23.24,71,93,7.72,PF,1730174484
23,grytviken,-54.2811,-36.5092,-0.31,96,100,2.37,GS,1730174327
24,college,64.8569,-147.8028,-5.52,86,100,1.54,US,1730174474
25,talnakh,69.4865,88.3972,-8.75,95,95,3.12,RU,1730174137
26,wailua homesteads,22.0669,-159.378,25.44,88,75,6.69,US,1730174352
27,waitangi,-43.9535,-176.5597,14.34,84,28,2.24,NZ,1730174284
28,tual,-5.6667,132.75,28.2,76,33,2.19,ID,1730174491
29,semirara,12.0697,121.3986,27.61,84,99,11.53,PH,1730174492
30,port elizabeth,-33.918,25.5701,16.29,99,100,8.75,ZA,1730174451
31,puerto natales,-51.7236,-72.4875,8.42,82,82,5.39,CL,1730174101
32,isangel,-19.55,169.2667,26.06,94,100,0.0,VU,1730174496
33,hobyo,5.3505,48.5268,26.24,77,99,2.11,SO,1730174497
34,nar'yan-mar,67.6713,53.087,1.05,84,100,6.85,RU,1730174498
35,camalu,30.85,-116.0667,16.64,81,31,7.2,MX,1730174500
36,davos,46.8043,9.8372,5.14,87,8,0.57,CH,1730174501
37,northam,51.0333,-4.2167,13.12,98,92,1.92,GB,1730174502
38,tiksi,71.6872,128.8694,-21.6,99,96,1.57,RU,1730174503
39,port mathurin,-19.6833,63.4167,23.39,76,41,4.23,MU,1730174359
40,tan-tan,28.438,-11.1032,15.97,88,0,3.6,MA,1730174506
41,bethel,41.3712,-73.414,7.96,85,0,0.0,US,1730174237
42,concepcion de la sierra,-27.9831,-55.5203,16.72,78,0,1.53,AR,1730174508
43,jincheng,35.5022,112.8328,19.07,44,0,1.16,CN,1730174509
44,lihue,21.9789,-159.3672,25.77,86,75,6.69,US,1730174394
45,savsat,41.2403,42.3611,3.56,60,1,0.82,TR,1730174511
46,sinabang,2.4803,96.3801,29.87,66,98,0.86,ID,1730174321
47,dudinka,69.4058,86.1778,-8.07,97,91,3.23,RU,1730174448
48,thompson,55.7435,-97.8558,3.09,87,100,5.14,CA,1730174406
49,longyearbyen,78.2186,15.6401,-1.09,93,75,2.57,SJ,1730174140
50,ouadda,8.0777,22.4007,18.73,65,25,0.96,CF,1730174517
51,pecos,31.4229,-103.4932,24.37,25,0,7.2,US,1730174518
52,korla,41.7597,86.1469,13.16,46,11,6.27,CN,1730174520
53,al burayqah,30.4062,19.5739,19.83,64,12,3.98,LY,1730174521
54,dunedin,-45.8742,170.5036,12.11,72,77,0.89,NZ,1730174522
55,tralee,52.2704,-9.7026,10.67,96,99,1.44,IE,1730174523
56,bayanhongor,46.7167,100.1167,-3.53,71,100,0.35,MN,1730174524
57,heeze,51.3828,5.5714,12.95,95,100,4.12,NL,1730174525
58,tura,25.5198,90.2201,27.72,68,8,1.6,IN,1730174444
59,yellowknife,62.456,-114.3525,-3.71,86,100,5.14,CA,1730174099
60,xining,36.6167,101.7667,7.94,54,100,2.05,CN,1730174529
61,woodcrest,33.8822,-117.3573,14.97,72,75,5.14,US,1730174530
62,sumenep,-7.0167,113.8667,32.54,48,17,4.29,ID,1730174531
63,edinburgh of the seven seas,-37.0676,-12.3116,13.04,71,0,8.4,SH,1730174269
64,bilibino,68.0546,166.4372,-21.27,95,89,1.57,RU,1730174360
65,fale old settlement,-9.3852,-171.2468,28.39,72,55,2.98,TK,1730174535
66,lebu,-37.6167,-73.65,10.35,95,30,5.25,CL,1730174485
67,sarmiento,-45.5882,-69.07,13.74,51,8,7.07,AR,1730174538
68,juneau,58.3019,-134.4197,2.45,100,100,1.65,US,1730174540
69,isafjordur,66.0755,-23.124,1.34,94,100,3.41,IS,1730174453
70,puerto ayora,-0.7393,-90.3518,19.91,85,54,4.07,EC,1730174298
71,arno,60.1167,18.6333,2.45,79,72,2.04,SE,1730174543
72,yaren,-0.5472,166.916,28.59,72,3,3.76,NR,1730174544
73,port lincoln,-34.7333,135.8667,17.46,60,0,3.83,AU,1730174545
74,carnarvon,-24.8667,113.6333,26.7,56,0,7.4,AU,1730174297
75,constantia,44.1833,28.65,10.39,85,31,4.86,RO,1730174548
76,whitehorse,60.7161,-135.0538,-6.57,86,40,7.2,CA,1730174441
77,port macquarie,-31.4333,152.9167,21.15,69,92,1.34,AU,1730174414
78,youhao,47.8667,128.8333,7.21,52,100,1.03,CN,1730174552
79,serenje,-13.2325,30.2352,18.77,77,98,1.11,ZM,1730174554
80,west island,-12.1568,96.8225,27.99,78,75,4.63,CC,1730174310
81,vorgashor,67.5833,63.95,-2.61,96,100,5.01,RU,1730174468
82,invercargill,-46.4,168.35,12.23,64,27,5.36,NZ,1730174311
83,hamilton,39.1834,-84.5333,17.77,74,75,3.6,US,1730174311
84,olonkinbyen,70.9221,-8.7187,-4.12,89,100,7.55,SJ,1730174381
85,bredasdorp,-34.5322,20.0403,13.99,92,4,2.24,ZA,1730174421
86,wagoner,35.9595,-95.3694,24.92,62,100,6.87,US,1730174563
87,portland,45.5234,-122.6762,10.26,94,65,0.45,US,1730174405
88,kodiak,57.79,-152.4072,6.73,100,100,2.57,US,1730174099
89,chadron,42.8294,-102.9999,11.65,44,100,2.57,US,1730174543
90,vilyuchinsk,52.9306,158.4028,4.15,80,100,7.36,RU,1730174568
91,margate,51.3813,1.3862,14.37,91,84,0.45,GB,1730174292
92,beboto,8.2668,16.939,21.54,63,13,0.71,TD,1730174570
93,enewetak,11.3474,162.3373,28.84,74,81,5.21,MH,1730174396
94,alofi,-19.0595,-169.9187,26.94,65,40,6.17,NU,1730174505
95,las lajitas,-24.6833,-64.25,20.98,40,0,2.17,AR,1730174561
96,izhevsk,56.85,53.2333,1.18,82,91,1.98,RU,1730174576
97,lakshettipet,18.8667,79.2167,28.82,66,31,0.83,IN,1730174577
98,badger,64.8,-147.5333,-5.57,87,100,1.54,US,1730174280
99,mitu,1.1983,-70.1733,22.19,99,100,0.94,CO,1730174581
100,sabang,5.8933,95.3214,28.36,76,67,8.91,ID,1730174582
101,walvis bay,-22.9575,14.5053,9.53,100,100,4.63,NA,1730174386
102,hermanus,-34.4187,19.2345,15.45,87,34,2.93,ZA,1730174442
103,tionk essil,12.7856,-16.5217,24.07,62,8,3.05,SN,1730174585
104,dobrotesti,44.2833,24.8833,10.95,86,18,3.68,RO,1730174588
105,smara,26.7384,-11.6719,15.74,77,0,3.22,EH,1730174589
106,prince rupert,54.3161,-130.3201,7.83,85,75,2.57,CA,1730174590
107,hithadhoo,-0.6,73.0833,27.44,78,100,4.53,MV,1730174336
108,tadine,-21.55,167.8833,23.52,72,100,5.22,NC,1730174593
109,matadi,-5.8167,13.45,25.05,84,100,1.44,CD,1730174594
110,pierre,44.3683,-100.351,12.93,58,20,2.06,US,1730174595
111,stanley,54.868,-1.6985,11.27,97,75,2.57,GB,1730174153
112,san patricio,28.017,-97.5169,25.97,74,0,6.76,US,1730174597
113,taltal,-25.4,-70.4833,16.07,83,33,1.6,CL,1730174485
114,provins,48.5833,3.1667,10.23,92,0,1.39,FR,1730174602
115,cabo san lucas,22.8909,-109.9124,26.06,59,1,4.58,MX,1730174401
116,lorengau,-2.0226,147.2712,28.71,75,92,1.77,PG,1730174604
117,sisimiut,66.9395,-53.6735,-9.96,63,53,3.96,GL,1730174606
118,pisco,-13.7,-76.2167,17.03,88,0,1.54,PE,1730174607
119,newhaven,50.7969,0.0555,15.3,92,100,1.34,GB,1730174608
120,bandar lampung,-5.4254,105.258,32.26,53,28,4.15,ID,1730174609
121,ust-nera,64.5667,143.2,-17.04,95,84,1.26,RU,1730174376
122,zuni pueblo,35.0725,-108.8506,13.4,41,1,4.89,US,1730174611
123,tindouf,27.6711,-8.1474,13.25,75,0,7.65,DZ,1730174613
124,klyuchi,52.2667,79.1667,0.75,94,100,9.33,RU,1730174337
125,tobelo,1.7284,128.0095,29.33,69,86,2.91,ID,1730174615
126,atafu village,-8.5421,-172.5159,28.31,71,95,1.88,TK,1730174402
127,kirakira,-10.4544,161.9205,29.47,70,20,3.0,SB,1730174617
128,carutapera,-1.195,-46.02,26.05,76,3,4.28,BR,1730174619
129,hadibu,12.65,54.0333,25.98,71,6,1.86,YE,1730174620
130,san antonio de pale,-1.4014,5.6325,25.42,83,100,5.47,GQ,1730174525
131,conduaga,8.862,117.4893,30.69,62,84,3.33,PH,1730174386
132,kone,-21.0595,164.8658,25.76,66,94,4.03,NC,1730174323
133,coyhaique,-45.5752,-72.0662,8.08,96,88,2.54,CL,1730174624
134,sona,45.4388,10.8255,11.51,100,4,1.54,IT,1730174625
135,mejit,10.2753,170.8646,29.15,75,97,5.69,MH,1730174316
136,rikaze,29.25,88.8833,10.33,30,2,0.54,CN,1730174347
137,ascencion de guarayos,-15.8963,-63.1881,24.12,72,63,0.34,BO,1730174629
138,acaponeta,22.4964,-105.3594,23.16,76,0,1.52,MX,1730174630
139,ambasamudram,8.7,77.4667,31.08,48,78,1.2,IN,1730174631
140,udachny,66.4167,112.4,-20.8,99,95,2.22,RU,1730174287
141,minas de marcona,-15.2119,-75.1103,13.26,83,21,2.84,PE,1730174478
142,mil'kovo,55.6078,37.7956,6.86,50,79,3.52,RU,1730174411
143,tejen,37.3834,60.5054,10.68,50,5,4.71,TM,1730174636
144,anadyr,64.75,177.4833,-6.72,86,0,4.0,RU,1730174312
145,east london,-33.0153,27.9116,16.52,72,0,3.09,ZA,1730174357
146,albany,42.6001,-73.9662,2.23,79,18,0.72,US,1730174025
147,saudarkrokur,65.7461,-19.6394,2.12,98,100,3.85,IS,1730174641
148,poshekhon'ye,58.4993,39.1353,4.78,94,100,2.99,RU,1730174642
149,mangai,-4.05,19.5333,20.88,99,43,0.65,CD,1730174353
150,bel ombre,-4.6167,55.4167,26.91,69,20,1.03,SC,1730174322
151,biberach an der riss,48.0934,9.7905,8.78,95,100,1.03,DE,1730174647
152,mana,5.6592,-53.7767,25.69,80,100,4.02,GF,1730174648
153,port alfred,-33.5906,26.891,14.54,95,71,2.68,ZA,1730174280
154,coquimbo,-29.9533,-71.3436,14.85,85,100,1.03,CL,1730174480
155,alesund,62.4723,6.1549,5.42,71,89,6.69,NO,1730174346
156,san rafael,-34.6177,-68.3301,22.75,32,7,4.07,AR,1730174652
157,longboat key,27.4125,-82.659,23.33,80,0,4.12,US,1730174654
158,remire-montjoly,4.9167,-52.2667,23.02,100,0,0.0,GF,1730174517
159,susuman,62.7833,148.1667,-13.85,87,100,1.31,RU,1730174345
160,itabira,-19.6192,-43.2269,18.1,99,100,0.71,BR,1730174657
161,labrador city,52.9463,-66.9114,-8.05,81,0,31.29,CA,1730174300
162,puerto baquerizo moreno,-0.9,-89.6,19.96,81,88,4.42,EC,1730174550
163,male,4.1748,73.5089,29.97,74,20,7.72,MV,1730174402
164,bakanas,44.8081,76.2772,6.82,57,100,3.2,KZ,1730174662
165,estherville,43.4016,-94.8328,16.42,88,0,2.06,US,1730174663
166,saipan,15.1355,145.701,32.39,74,75,4.63,MP,1730174353
167,callao,-12.0667,-77.15,17.16,82,75,5.14,PE,1730174283
168,sumbe,-11.2061,13.8437,24.05,82,79,2.41,AO,1730174667
169,ternate,0.8,127.4,29.4,71,85,3.99,ID,1730174668
170,solikamsk,59.6196,56.7729,0.06,84,100,1.66,RU,1730174669
171,santa ana,33.7456,-117.8678,17.42,79,75,2.24,US,1730174670
172,la sarre,48.8002,-79.1996,0.82,50,100,5.35,CA,1730174561
173,fort st. john,56.2499,-120.8529,-5.06,80,75,2.57,CA,1730174299
174,turabah,21.2141,41.6331,22.9,40,35,5.46,SA,1730174674
175,kavaratti,10.5669,72.642,27.57,72,51,2.53,IN,1730174675
176,saint-francois,46.4154,3.9054,9.8,100,100,0.51,FR,1730174676
177,grado,43.388,-6.0743,12.28,98,0,2.06,ES,1730174478
178,sandnessjoen,66.0217,12.6316,4.48,73,100,6.81,NO,1730174679
179,rongelap,11.1635,166.8941,28.81,75,77,3.54,MH,1730174412
180,jwaneng,-24.6004,24.7303,10.27,60,0,3.57,BW,1730174681
181,aykhal,66.0,111.5,-18.35,99,100,2.38,RU,1730174682
182,el fasher,13.6279,25.3494,22.3,19,6,2.75,SD,1730174683
183,prince albert,53.2001,-105.7677,1.97,69,75,4.12,CA,1730174468
184,uturoa,-16.7333,-151.4333,25.38,75,35,9.57,PF,1730174447
185,flin flon,54.7682,-101.865,0.98,77,73,4.57,CA,1730174270
186,cill airne,52.05,-9.5167,10.16,97,100,0.89,IE,1730174445
187,abnub,27.2696,31.1511,17.12,61,6,4.45,EG,1730174689
188,nova sintra,14.8667,-24.7167,25.67,69,37,6.66,CV,1730174279
189,anantapur,14.6833,77.6,28.5,57,17,3.64,IN,1730174691
190,talakag,8.2336,124.6003,30.21,52,84,3.25,PH,1730174693
191,nadi,-17.8,177.4167,29.0,65,40,6.17,FJ,1730174523
192,mukalla,14.5425,49.1242,26.54,74,0,1.74,YE,1730174695
193,el granada,37.5027,-122.4694,13.8,82,75,8.75,US,1730174696
194,arraial do cabo,-22.9661,-42.0278,21.63,86,100,5.53,BR,1730174461
195,guajara mirim,-10.7828,-65.3394,25.28,73,31,0.53,BR,1730174699
196,avarua,-21.2078,-159.775,24.03,73,75,5.66,CK,1730174350
197,chibougamau,49.9168,-74.3659,-2.21,80,75,3.09,CA,1730174479
198,shenjiamen,29.9576,122.298,18.94,64,95,7.35,CN,1730174702
199,aral,40.5156,81.2636,14.33,26,26,2.2,CN,1730174703
200,queenstown,-31.8976,26.8753,9.52,78,14,2.74,ZA,1730174296
201,weno,7.4515,151.8468,29.11,72,10,3.51,FM,1730174524
202,niksar,40.5917,36.9517,5.87,61,8,1.28,TR,1730174518
203,ilhabela,-23.7781,-45.3581,20.72,94,100,2.27,BR,1730174261
204,margaret river,-33.95,115.0667,23.04,55,13,6.18,AU,1730174368
205,sitka,57.0531,-135.33,6.94,81,75,4.63,US,1730174325
206,katsuren-haebaru,26.3369,127.8719,26.21,88,100,4.12,JP,1730174711
207,kutum,14.2,24.6667,18.29,20,0,3.58,SD,1730174713
208,new norfolk,-42.7826,147.0587,21.51,49,50,3.28,AU,1730174714
209,colares,38.7992,-9.4469,18.55,74,14,5.55,PT,1730174715
210,lethbridge,49.7,-112.8186,7.06,45,75,6.69,CA,1730174455
211,kuta,-8.7233,115.1723,30.97,74,20,4.63,ID,1730174717
212,sinop,41.7711,34.8709,8.34,52,38,1.48,TR,1730174718
213,hargeysa,9.56,44.065,20.14,75,85,3.04,SO,1730174495
214,dompu,-8.5356,118.4622,37.74,29,3,3.77,ID,1730174721
215,asubulaq,49.5583,83.0558,2.48,67,100,5.09,KZ,1730174722
216,papatowai,-46.5619,169.4708,11.99,54,43,5.7,NZ,1730174423
217,buka,40.8108,69.1986,9.28,56,85,0.83,UZ,1730174490
218,pangai,-19.8,-174.35,26.06,78,40,4.12,TO,1730174725
219,bhuj,23.2667,69.6667,29.68,51,7,4.2,IN,1730174727
220,bria,6.5423,21.9863,19.1,71,10,1.41,CF,1730174728
221,palikir - national government center,6.9248,158.1611,32.41,70,75,5.14,FM,1730174729
222,balcarce,-37.8462,-58.2552,14.9,87,7,3.37,AR,1730174730
223,nykvarn,59.8,18.3,-2.01,79,79,0.73,SE,1730174732
224,siwa oasis,29.2041,25.5195,17.95,70,19,2.96,EG,1730174434
225,wad medani,14.4012,33.5199,26.0,31,76,3.26,SD,1730174734
226,campo grande,-20.4428,-54.6464,22.75,94,40,3.09,BR,1730174473
227,lompoc,34.6391,-120.4579,13.94,82,100,7.72,US,1730174626
228,yuzhno-kurilsk,44.0306,145.8556,9.74,47,19,1.97,RU,1730174739
229,guerrero negro,27.9769,-114.0611,18.59,88,0,7.55,MX,1730174740
230,dingwall,57.5953,-4.4272,7.99,95,84,2.55,GB,1730174741
231,benghazi,32.1167,20.0667,19.81,69,14,4.05,LY,1730174742
232,utrik,11.2278,169.8474,28.75,76,36,4.66,MH,1730174431
233,vershino-darasunskiy,52.35,115.5167,2.86,60,42,2.44,RU,1730174745
234,nova vicosa,-17.8919,-39.3719,23.71,90,96,1.57,BR,1730174746
235,georgetown,5.4112,100.3354,27.97,84,40,2.24,MY,1730174274
236,ko pha ngan,9.7578,100.0291,28.38,78,100,6.95,TH,1730174748
237,karratha,-20.7377,116.8463,35.16,37,6,5.2,AU,1730174749
238,holualoa,19.6228,-155.9522,24.91,93,20,4.12,US,1730174643
239,alice springs,-23.7,133.8833,33.75,9,84,6.69,AU,1730174296
240,mossel bay,-34.1831,22.146,15.96,86,93,6.67,ZA,1730174660
241,broken hill,-31.95,141.4333,25.69,19,0,4.44,AU,1730174755
242,port-gentil,-0.7193,8.7815,25.55,87,100,3.59,GA,1730174756
243,puerto colombia,10.9878,-74.9547,29.05,82,98,1.67,CO,1730174757
244,avon,41.4517,-82.0354,11.48,59,75,4.63,US,1730174759
245,ancud,-41.8697,-73.8203,8.93,92,38,2.01,CL,1730174364
246,khanty-mansiysk,61.0042,69.0019,0.06,100,75,3.0,RU,1730174761
247,coruripe,-10.1256,-36.1756,24.9,77,73,3.71,BR,1730174762
248,banda aceh,5.5577,95.3222,29.87,66,95,7.38,ID,1730174763
249,bebedja,8.6761,16.566,22.4,61,19,0.27,TD,1730174764
250,gao,16.6362,1.637,26.42,16,85,4.31,ML,1730174454
251,kertih,4.5141,103.4483,32.01,62,20,1.54,MY,1730174767
252,kananga,-5.8958,22.4178,20.16,95,59,0.42,CD,1730174768
253,polyarnyy,69.1989,33.4478,2.34,76,19,11.49,RU,1730174769
254,suomussalmi,64.8869,28.9078,0.17,81,10,4.76,FI,1730174770
255,mangrol,21.1167,70.1167,29.03,67,59,3.32,IN,1730174771
256,cole harbour,44.6724,-63.4751,1.63,76,5,1.34,CA,1730174773
257,betio village,1.358,172.9211,30.02,70,3,3.01,KI,1730174774
258,santa cruz,-17.8,-63.1667,24.7,78,20,1.54,BO,1730174775
259,tomatlan,19.9333,-105.25,22.62,92,0,1.36,MX,1730174776
260,thinadhoo,0.5333,72.9333,28.1,72,83,5.24,MV,1730174777
261,green river,41.5286,-109.4662,8.32,80,80,6.32,US,1730174779
262,palangkaraya,-2.2,113.8333,35.93,38,61,2.07,ID,1730174780
263,qaqortoq,60.7167,-46.0333,-0.18,96,100,2.48,GL,1730174781
264,floro,61.5996,5.0328,3.98,93,20,4.63,NO,1730174783
265,bubaque,11.2833,-15.8333,28.35,69,8,3.26,GW,1730174785
266,lewiston orchards,46.3804,-116.9754,7.71,82,90,0.94,US,1730174786
267,mili,6.0815,171.735,28.34,72,56,2.99,MH,1730174649
268,saint-philippe,-21.3585,55.7679,24.6,74,5,3.73,RE,1730174789
269,ilulissat,69.2167,-51.1,-13.99,56,22,1.54,GL,1730174792
270,kentau,43.5206,68.5094,5.93,56,31,1.02,KZ,1730174793
271,grimmen,54.1121,13.0405,12.6,96,100,3.87,DE,1730174794
272,krusevac,43.58,21.3339,11.45,91,71,0.61,RS,1730174795
273,ovalle,-30.5983,-71.2003,16.05,77,1,0.67,CL,1730174796
274,el calafate,-50.3408,-72.2768,7.3,83,17,3.62,AR,1730174798
275,vadso,70.0744,29.7487,4.09,75,75,13.38,NO,1730174799
276,vinnytsia,49.2328,28.481,8.6,72,100,1.62,UA,1730174516
277,buzuluk,52.7807,52.2635,0.1,75,67,0.59,RU,1730174801
278,quellon,-43.1167,-73.6167,8.57,94,39,2.69,CL,1730174802
279,vargarda,58.0371,12.8091,9.48,98,100,1.18,SE,1730174803
280,punta arenas,-53.15,-70.9167,6.06,87,40,4.63,CL,1730174701
281,kingscliff,-28.2667,153.5667,26.64,57,3,7.72,AU,1730174806
282,geraldton,-28.7667,114.6,30.23,35,0,6.17,AU,1730174582
283,svetlogorsk,52.6333,29.7333,3.82,88,92,2.68,BY,1730174808
284,gadani,25.1185,66.7299,28.93,71,0,3.88,PK,1730174809
285,naze,28.3667,129.4833,25.47,85,81,2.92,JP,1730174810
286,kamensk-ural'skiy,56.4185,61.9329,-0.88,92,79,1.56,RU,1730174534
287,praia,14.9215,-23.5087,24.29,72,31,5.37,CV,1730174813
288,belmonte,-15.8631,-38.8828,23.24,89,9,0.71,BR,1730174814
289,grande prairie,55.1667,-118.8027,-0.9,86,100,5.66,CA,1730174815
290,ma'rib,15.4591,45.3253,22.64,31,5,1.64,YE,1730174816
291,cururupu,-1.8283,-44.8683,26.12,75,51,2.08,BR,1730174817
292,westport,41.1415,-73.3579,12.73,80,0,4.92,US,1730174783
293,dali,25.7,100.1833,18.98,69,51,1.27,CN,1730174820
294,ust-tsilma,65.441,52.1498,2.06,85,96,4.1,RU,1730174821
295,taikang,46.8333,124.4167,9.26,56,100,2.24,CN,1730174822
296,magistral'nyy,56.1725,107.4458,3.35,80,98,0.85,RU,1730174824
297,madang,-5.2246,145.7966,27.86,75,100,3.19,PG,1730174826
298,palu,-0.8917,119.8707,31.2,74,32,1.17,ID,1730174827
299,taoudenni,22.6783,-3.9836,23.38,29,36,3.65,ML,1730174828
300,amory,33.9843,-88.4881,21.67,76,0,3.6,US,1730174829
301,bambanglipuro,-7.95,110.2833,30.44,59,15,5.37,ID,1730174830
302,huarmey,-10.0681,-78.1522,18.02,87,100,3.8,PE,1730174460
303,valparaiso,-33.0393,-71.6273,13.8,100,100,1.54,CL,1730174762
304,st. john's,47.5649,-52.7093,2.86,84,20,4.63,CA,1730174775
305,nova xavantina,-14.6667,-52.35,24.1,84,79,1.84,BR,1730174835
306,kratie,12.4881,106.0188,27.35,73,96,2.48,KH,1730174836
307,fairfax,38.8501,-77.3497,10.38,69,20,1.54,US,1730174752
308,champerico,14.3,-91.9167,28.07,75,93,1.14,GT,1730174700
309,iquique,-20.2208,-70.1431,16.88,78,2,1.32,CL,1730174672
310,amahai,-3.3333,128.9167,29.15,72,93,4.33,ID,1730174842
311,gurupi,-11.7292,-49.0686,25.62,69,15,2.68,BR,1730174843
312,bodo,67.28,14.405,3.3,85,75,9.77,NO,1730174846
313,mucuri,-18.0864,-39.5508,23.82,89,94,3.87,BR,1730174847
314,touros,-5.1989,-35.4608,25.4,73,10,6.05,BR,1730174608
315,kutno,52.2306,19.3641,11.94,97,100,2.14,PL,1730174849
316,nikolayevsk-on-amure,53.1406,140.73,1.53,68,82,4.28,RU,1730174592
317,san andres,12.5847,-81.7006,28.01,89,40,3.09,CO,1730174853
318,mount pearl,47.5166,-52.7813,2.4,86,20,4.63,CA,1730174673
319,marsh harbour,26.5412,-77.0636,25.18,66,100,9.56,BS,1730174855
320,bandipura,34.4167,74.65,16.78,60,100,2.39,IN,1730174857
321,alo,6.5486,4.2686,24.82,89,98,0.41,NG,1730174858
322,bafoulabe,13.8065,-10.8321,26.91,50,65,0.93,ML,1730174859
323,pathein,16.7833,94.7333,31.0,69,14,3.4,MM,1730174860
324,antsiranana,-12.2787,49.2917,27.14,65,24,7.31,MG,1730174861
325,plougastel-daoulas,48.3667,-4.3667,14.08,100,100,4.63,FR,1730174862
326,malvan,16.0667,73.4667,27.55,77,14,1.31,IN,1730174864
327,edd,13.9297,41.6925,30.66,53,100,4.92,ER,1730174865
328,dongkan,33.9997,119.8308,18.3,51,0,2.13,CN,1730174866
329,haiku-pauwela,20.9219,-156.3051,25.14,80,20,12.07,US,1730174644
330,stornoway,58.2093,-6.3865,10.05,95,100,2.57,GB,1730174868
331,bardai,11.65,7.2333,21.06,26,4,3.38,NG,1730174597
332,priozersk,61.0393,30.1291,1.72,86,14,3.69,RU,1730174747
333,nouadhibou,20.931,-17.0347,19.99,77,9,9.26,MR,1730174564
334,la ronge,55.1001,-105.2842,1.14,100,100,4.12,CA,1730174593
335,kasongo-lunda,-6.4667,16.8167,21.72,98,100,0.91,CD,1730174698
336,zaragoza,41.6561,-0.8773,15.01,73,75,3.6,ES,1730174876
337,pumiao,22.75,108.4833,19.73,75,100,1.12,CN,1730174878
338,tolanaro,-25.0319,46.9987,24.85,83,100,5.72,MG,1730174879
339,sao felix do xingu,-6.6447,-51.995,26.95,41,94,0.46,BR,1730174880
340,heyuan,23.7333,114.6833,26.4,53,100,3.11,CN,1730174881
341,sept-iles,50.2001,-66.3821,0.03,69,0,2.57,CA,1730174365
342,kotlas,61.2611,46.6556,2.96,83,100,4.32,RU,1730174885
343,puerto ayacucho,5.6639,-67.6236,24.75,94,100,1.54,VE,1730174635
344,kidal,18.4411,1.4078,25.21,17,100,4.07,ML,1730174887
345,pangody,65.85,74.4859,-5.24,96,100,2.29,RU,1730174888
346,kiruna,67.8557,20.2251,-4.49,80,13,3.09,SE,1730174889
347,tazovsky,67.4667,78.7,-8.58,100,98,0.68,RU,1730174891
348,myitkyina,25.3833,97.4,30.66,54,0,0.16,MM,1730174892
349,bagnara calabra,38.2885,15.8078,17.84,79,17,0.55,IT,1730174893
350,nhlangano,-27.1167,31.2,14.72,58,34,1.11,SZ,1730174894
351,sao gabriel da cachoeira,-0.1303,-67.0892,22.57,97,49,0.81,BR,1730174730
352,tchintabaraden,15.8969,5.7985,24.99,15,53,3.7,NE,1730174896
353,kralendijk,12.15,-68.2667,28.99,79,40,6.69,BQ,1730174830
354,bengkulu,-3.8004,102.2655,30.02,62,8,3.7,ID,1730174899
355,hasaki,35.7333,140.8333,17.83,79,100,7.79,JP,1730174541
356,monroeville,40.4212,-79.7881,11.04,61,53,1.64,US,1730174901
357,caleta de carquin,-11.0925,-77.6267,17.67,86,89,4.69,PE,1730174902
358,balqash,46.8481,74.995,3.33,87,40,6.0,KZ,1730174903
359,buarcos,40.166,-8.8768,14.91,76,0,5.97,PT,1730174905
360,big lake,45.3325,-93.7461,20.1,68,100,4.89,US,1730174906
361,izobil'nyy,45.3709,41.7084,9.58,73,100,2.89,RU,1730174907
362,catterick garrison,54.3775,-1.7223,12.05,91,100,1.54,GB,1730174908
363,necochea,-38.5473,-58.7368,13.71,77,1,1.19,AR,1730174909
364,midvagur,62.0511,-7.1939,9.46,100,100,9.77,FO,1730174910
365,sechura,-5.5569,-80.8222,18.32,81,86,5.09,PE,1730174912
366,katsuura,35.1333,140.3,18.81,81,100,6.23,JP,1730174913
367,ankazoabo,-22.2833,44.5167,28.99,37,99,1.28,MG,1730174914
368,opuwo,-18.0607,13.84,13.14,24,0,0.93,NA,1730174915
369,zunyi,27.6867,106.9072,19.55,50,0,2.89,CN,1730174916
370,pemangkat,1.1667,108.9667,31.57,63,89,6.55,ID,1730174919
371,ola,59.5833,151.2833,-5.98,54,100,6.11,RU,1730174920
372,carora,10.1755,-70.0827,25.14,72,100,2.19,VE,1730174921
373,muravlenko,63.7898,74.523,-3.3,95,100,3.25,RU,1730174807
374,waingapu,-9.6567,120.2641,32.65,55,13,7.99,ID,1730174923
375,puri,19.8,85.85,28.56,72,55,1.71,IN,1730174925
376,ghat,24.9647,10.1728,20.82,24,7,2.23,LY,1730174638
377,alto araguaia,-17.3147,-53.2153,20.72,88,74,1.36,BR,1730174927
378,bagneres-de-bigorre,43.0667,0.15,10.83,100,100,1.54,FR,1730174928
379,bratslav,48.8226,28.9407,7.82,79,74,2.24,UA,1730174929
380,la passe,45.5549,-0.8967,12.91,92,11,2.54,FR,1730174930
381,namibe,-15.1961,12.1522,17.41,85,6,0.47,AO,1730174932
382,tam ky,15.5667,108.4833,23.58,92,93,2.62,VN,1730174933
383,nizhnesortymskiy,62.4397,71.7603,-0.4,82,100,4.44,RU,1730174934
384,boda,4.3189,17.4695,21.08,94,15,1.28,CF,1730174935
385,christchurch,-43.5333,172.6333,14.39,66,100,9.39,NZ,1730174922
386,damghan,36.1683,54.348,8.83,51,0,0.35,IR,1730174938
387,lazaro cardenas,17.9583,-102.2,25.94,83,0,1.71,MX,1730174939
388,sambava,-14.2667,50.1667,24.85,79,8,3.96,MG,1730174657
389,dryden,49.7833,-92.7503,9.16,81,20,3.09,CA,1730174762
390,banepa,27.6298,85.5214,21.18,68,20,1.03,NP,1730174942
391,khadyzhensk,44.4256,39.5319,7.15,76,72,2.0,RU,1730174943
392,bosobolo,4.1833,19.9,21.9,95,11,1.37,CD,1730174945
393,zhezqazghan,47.7833,67.7667,2.32,93,100,3.0,KZ,1730174946
394,igarka,67.4667,86.5833,-5.7,96,96,2.68,RU,1730174947
395,robore,-18.3333,-59.75,23.54,79,100,0.75,BO,1730174923
396,hulyaypole,47.6653,36.2578,8.81,76,67,2.05,UA,1730174949
397,aioun,16.6614,-9.6149,27.71,24,44,3.81,MR,1730174950
398,sefwi wiawso,6.2044,-2.4886,22.11,99,100,0.7,GH,1730174952
399,picos,-7.0769,-41.4669,26.21,39,0,1.44,BR,1730174953
400,tommot,58.9564,126.2925,-2.72,87,100,2.76,RU,1730174954
401,qarauyl,48.9451,79.255,3.34,62,100,7.61,KZ,1730174955
402,tafuna,-14.3358,-170.72,28.97,74,40,6.69,AS,1730174956
403,bamboo flat,11.7,92.7167,29.38,67,32,2.15,IN,1730174958
404,tazacorte,28.629,-17.9293,18.54,68,0,4.12,ES,1730174959
405,bechar,31.6167,-2.2167,16.15,44,0,4.83,DZ,1730174960
406,zarghun shahr,32.8473,68.4457,10.99,45,1,4.64,AF,1730174961
407,okhotsk,59.3833,143.3,-7.7,64,77,6.81,RU,1730174962
408,saharanpur,29.9667,77.55,26.06,60,0,1.89,IN,1730174963
409,de witt,41.8234,-90.5382,21.1,73,0,8.23,US,1730174890
410,troitsko-pechorsk,62.7084,56.1964,-0.55,86,80,3.14,RU,1730174966
411,quesnel,52.9999,-122.5029,3.33,75,95,0.89,CA,1730174967
412,cadale,2.7603,46.3222,25.52,79,26,2.79,SO,1730174968
413,vung tau,10.346,107.0843,26.35,82,83,3.67,VN,1730174969
414,dhalie,13.6957,44.7314,19.83,60,73,1.31,YE,1730174971
415,rengasdengklok,-6.1592,107.2981,34.14,47,5,2.54,ID,1730174973
416,jiayuguan,39.8167,98.3,11.24,26,100,4.74,CN,1730174974
417,kavieng,-2.5744,150.7967,29.5,71,8,3.67,PG,1730174975
418,gillette,44.2911,-105.5022,7.51,61,75,2.24,US,1730174976
419,the pas,53.8251,-101.2541,4.01,81,100,7.2,CA,1730174978
420,sanctuary point,-35.1114,150.629,18.87,56,10,4.76,AU,1730174979
421,taro,-8.3862,115.28,33.24,33,21,2.69,ID,1730174980
422,bloomington,44.8408,-93.2983,19.6,68,100,7.2,US,1730174852
423,brisas de zicatela,15.8369,-97.0419,25.42,83,95,2.72,MX,1730174982
424,leribe,-28.8718,28.045,8.72,68,4,0.82,LS,1730174983
425,nuuk,64.1835,-51.7216,-2.66,74,100,1.54,GL,1730174985
426,inarajan village,13.2736,144.7484,31.33,85,100,3.48,GU,1730174986
427,bang saphan,11.2126,99.5117,28.06,87,100,1.42,TH,1730174987
428,oranjemund,-28.55,16.4333,14.16,84,0,4.39,NA,1730174988
429,marka,1.7159,44.7717,26.08,75,95,3.75,SO,1730174426
430,fauske,67.2588,15.3918,3.3,86,100,4.95,NO,1730174992
431,mirnyy,62.5353,113.9611,-14.07,91,97,1.15,RU,1730174993
432,selfoss,63.9331,-20.9971,5.02,96,100,2.4,IS,1730174994
433,machico,32.7,-16.7667,19.45,79,75,6.17,PT,1730174995
434,mount gambier,-37.8333,140.7667,18.47,53,12,4.14,AU,1730174996
435,mbandaka,0.0487,18.2603,21.41,97,66,0.79,CD,1730174998
436,zaozersk,69.4005,32.4476,1.59,75,43,12.32,RU,1730174512
437,cam ranh,11.9214,109.1591,29.98,70,20,2.06,VN,1730175000
438,balaklava,44.5,33.6,16.32,60,100,1.53,UA,1730174768
439,ciudad lazaro cardenas,17.9583,-102.2,25.94,83,0,1.71,MX,1730175002
440,kocakoy,38.2903,40.5025,9.23,28,0,1.91,TR,1730175004
441,codajas,-3.8367,-62.0569,27.78,44,73,1.27,BR,1730175005
442,baiyin,36.5583,104.2081,11.3,60,98,4.38,CN,1730175006
443,kaedi,16.1465,-13.5047,28.06,25,7,4.64,MR,1730175007
444,khorixas,-20.3667,14.9667,11.55,36,0,1.86,NA,1730175008
445,nagqu,31.5,92.0,9.25,18,0,5.38,CN,1730174862
446,terrace,54.5163,-128.6035,3.76,91,96,0.5,CA,1730174929
447,keflavik,64.0049,-22.5624,7.24,87,75,7.2,IS,1730175012
448,natal,-5.795,-35.2094,23.36,94,20,2.06,BR,1730175013
449,vorkuta,67.5,64.0,-2.43,96,100,4.88,RU,1730175014
450,al qadarif,14.0349,35.3834,23.36,84,60,3.79,SD,1730175015
451,iskateley,67.6803,53.1512,1.0,84,100,6.83,RU,1730175017
452,aracruz,-19.8203,-40.2733,20.89,95,100,1.3,BR,1730174944
453,kayyerkan,69.3786,87.7439,-9.67,96,92,2.64,RU,1730175019
454,ak'ordat,15.5486,37.8867,27.32,62,3,1.12,ER,1730175020
455,forbes,-33.3833,148.0167,26.3,13,0,4.43,AU,1730175021
456,andergrove,-21.0833,149.1833,25.61,63,1,7.21,AU,1730175022
457,bandarbeyla,9.4942,50.8122,26.76,73,58,2.23,SO,1730175025
458,vila velha,-20.3297,-40.2925,20.97,96,75,3.58,BR,1730175026
459,khandyga,62.6667,135.6,-15.14,78,97,1.25,RU,1730175027
460,ghadamis,30.1337,9.5007,23.36,24,0,5.57,LY,1730175028
461,decize,46.8285,3.4619,10.81,98,47,0.7,FR,1730175029
462,pampierstad,-27.7832,24.6877,11.18,72,3,4.13,ZA,1730175030
463,besisahar,28.2313,84.3761,23.08,67,3,2.26,NP,1730175032
464,umm kaddadah,13.6017,26.6876,23.22,16,0,5.92,SD,1730175033
465,iwanai,42.9744,140.5089,11.57,57,66,3.95,JP,1730175034
466,iquitos,-3.7481,-73.2472,24.02,94,100,2.57,PE,1730175035
467,mount isa,-20.7333,139.5,37.87,19,20,4.63,AU,1730175036
468,saltillo,25.4167,-101.0,15.72,64,0,5.81,MX,1730174547
469,pamplona,42.8169,-1.6432,8.95,93,40,1.03,ES,1730175039
470,semera,11.501,41.201,25.2,56,22,3.56,ET,1730175040
471,marsa alam,25.0757,34.8918,23.89,56,0,3.8,EG,1730175041
472,amga,60.8953,131.9608,-11.25,82,63,1.34,RU,1730175042
473,kapa'a,22.0752,-159.319,27.18,86,75,8.23,US,1730175043
474,jiaozuo,35.2397,113.2331,21.94,42,0,3.06,CN,1730175044
475,sharkan,57.2989,53.8712,-0.2,84,91,2.06,RU,1730175046
476,horta,38.5333,-28.6333,17.79,70,45,2.24,PT,1730175047
477,coahuayana de hidalgo,18.7,-103.6583,24.83,91,1,1.59,MX,1730175048
478,balabac,7.9868,117.0645,29.82,68,100,4.11,PH,1730175049
479,rodolfo sanchez taboada,31.7167,-116.5667,16.72,75,79,2.24,MX,1730175050
480,masterton,-40.9597,175.6575,13.58,77,100,3.12,NZ,1730175052
481,aban,56.67,96.06,2.11,97,100,3.47,RU,1730175053
482,zhangjiakou,40.81,114.8794,13.73,35,2,5.15,CN,1730175054
483,varzea alegre,-5.35,-40.3833,25.36,62,10,4.21,BR,1730175055
484,savran,48.1322,30.0825,8.72,82,51,4.25,UA,1730175056
485,martapura,-3.4167,114.85,34.05,52,40,5.14,ID,1730175057
486,codrington,-38.2667,141.9667,16.35,66,84,5.92,AU,1730175059
487,kandyagash,49.4744,57.4233,2.12,85,100,1.99,KZ,1730174955
488,camana,-16.6228,-72.7111,17.56,85,87,2.53,PE,1730175061
489,ta`u,-14.2336,-169.5144,26.85,80,21,8.29,AS,1730175062
490,olsztynek,53.5837,20.2847,10.68,96,100,1.73,PL,1730175063
491,kontcha,7.9667,12.2333,21.35,68,58,1.02,CM,1730175065
492,praia da vitoria,38.7333,-27.0667,17.41,71,92,2.83,PT,1730175066
493,kaa-khem,51.6833,94.7333,4.12,91,100,2.49,RU,1730175067
494,saint-leu,-21.15,55.2833,26.09,91,7,1.58,RE,1730175068
495,yarmouth,41.7057,-70.2286,-1.81,86,0,1.54,US,1730175069
496,vila franca do campo,37.7167,-25.4333,18.27,99,81,2.14,PT,1730175070
497,ploneour-lanvern,47.9,-4.2833,10.18,100,100,0.0,FR,1730175072
498,matelandia,-25.2408,-53.9964,22.02,68,75,0.18,BR,1730175074
499,muisne,0.6,-80.0333,24.11,84,100,3.72,EC,1730175075
500,canatlan,24.5167,-104.7833,14.38,38,0,2.26,MX,1730175076
501,swan hill,-35.3378,143.5544,27.22,18,5,5.24,AU,1730175077
502,lijiang,26.8688,100.2207,15.49,73,95,1.97,CN,1730175079
503,laguna,38.421,-121.4238,14.98,68,0,2.06,US,1730175080
504,arenapolis,-14.4503,-56.8461,21.8,95,100,0.34,BR,1730175081
505,lata,40.1629,-8.3327,10.23,87,0,2.18,PT,1730175082
506,clemmons,36.0215,-80.382,9.1,95,100,1.57,US,1730175083
507,dongola,19.1667,30.4833,20.16,20,0,4.2,SD,1730175086
508,stiens,53.2623,5.7577,13.88,88,100,4.12,NL,1730175087
509,colachel,8.1667,77.25,31.58,70,38,4.82,IN,1730175088
510,kosh-agach,50.0,88.6667,-3.43,49,100,1.63,RU,1730175089
511,nova petropolis,-29.3764,-51.1144,14.86,98,0,1.0,BR,1730175090
512,kununurra,-15.7667,128.7333,40.99,26,100,4.63,AU,1730175092
513,acapulco de juarez,16.8634,-99.8901,28.9,84,75,1.03,MX,1730174882
514,ostersund,63.1792,14.6357,1.25,69,100,3.6,SE,1730175094
515,howrah,22.5892,88.3103,32.0,66,20,1.54,IN,1730175095
516,urangan,-25.3,152.9,25.42,54,0,5.75,AU,1730175096
517,maebaru-chuo,33.55,130.2,23.17,70,91,3.24,JP,1730175097
518,gloversville,43.0528,-74.3438,2.91,72,40,0.0,US,1730174835
519,gaiman,-43.2897,-65.4929,19.19,18,5,2.86,AR,1730175100
520,mokhotlong,-29.2894,29.0675,6.69,54,53,1.1,LS,1730175101
521,mar del plata,-38.0023,-57.5575,18.82,69,5,1.34,AR,1730174981
522,moama,-36.1167,144.7833,27.21,26,9,5.17,AU,1730175103
523,mogok,22.9167,96.5,21.83,85,1,1.14,MM,1730175104
524,mckinleyville,40.9465,-124.1006,9.91,94,0,0.0,US,1730175106
525,vorotynets,56.0603,45.8633,4.33,87,100,4.3,RU,1730175107
526,reinosa,42.9996,-4.138,8.71,83,27,0.72,ES,1730175108
527,al bayda',32.7627,21.7551,13.29,91,59,4.16,LY,1730175109
528,oum hadjer,13.2954,19.6966,24.53,19,24,3.55,TD,1730175110
529,mogocha,53.7333,119.7667,1.96,60,15,1.12,RU,1730175112
530,kailua-kona,19.6406,-155.9956,26.98,91,20,4.12,US,1730174846
531,gopalpur,19.2667,84.9167,28.42,74,7,1.32,IN,1730175114
532,umluj,25.0213,37.2685,24.79,55,0,2.56,SA,1730175115
533,agat village,13.3886,144.6585,31.31,85,75,4.63,GU,1730175116
534,timbuktu,16.7735,-3.0074,28.94,17,56,4.46,ML,1730175117
535,glendive,47.1053,-104.7125,11.79,40,100,3.09,US,1730174883
536,tirukkoyilur,11.95,79.2,30.29,58,38,2.05,IN,1730175120
537,kerikeri,-35.2268,173.9474,18.84,83,81,4.92,NZ,1730175121
538,cockburn town,21.4612,-71.1419,28.04,76,100,9.52,TC,1730175122
539,miracema do tocantins,-9.5618,-48.3967,26.45,59,37,1.62,BR,1730175123
540,chernyshevskiy,63.0128,112.4714,-15.59,89,95,0.95,RU,1730175124
541,yanchep,-31.55,115.6833,29.56,34,0,4.1,AU,1730175126
542,kiama,-34.6833,150.8667,21.88,60,6,4.77,AU,1730175127
543,at taj,24.2049,23.2857,15.08,57,0,3.67,LY,1730175128
544,dame-marie,18.5667,-74.4167,26.62,84,97,2.5,HT,1730175129
545,arteche,12.2645,125.4048,29.38,70,100,6.4,PH,1730175130
546,bowen,-20.0167,148.2333,26.14,65,3,9.15,AU,1730175131
547,tshikapa,-6.4167,20.8,20.9,91,91,0.58,CD,1730175133
548,sao tome,0.3365,6.7273,25.59,88,100,3.01,ST,1730175134
549,hassleholm,56.1591,13.7664,12.97,99,100,1.19,SE,1730175135
550,bodri,23.1667,81.4333,26.67,67,24,0.56,IN,1730175136
551,upper grand lagoon,30.1633,-85.7408,21.11,88,0,2.06,US,1730175137
552,lucapa,-8.4192,20.7447,19.02,91,99,0.45,AO,1730175139
553,rada tilly,-45.9333,-67.5333,14.92,53,9,4.85,AR,1730175075
554,newman,37.3138,-121.0208,14.47,63,7,1.34,US,1730175082
555,laojunmiao,39.8333,97.7333,7.19,35,100,1.81,CN,1730175142
556,lospalos,-8.5186,127.0025,30.32,52,100,5.43,TL,1730175143
557,bonnyville,54.2668,-110.735,1.46,66,100,3.28,CA,1730175144
558,lilongwe,-13.9669,33.7873,24.42,55,79,2.9,MW,1730175146
559,bredy,52.4153,60.3411,0.09,91,85,0.91,RU,1730175147
560,crestview,30.7621,-86.5705,21.25,90,0,2.06,US,1730175148
561,gadzhiyevo,69.2551,33.3362,2.48,74,22,11.9,RU,1730175149
562,felipe carrillo puerto,19.5833,-88.05,22.38,100,77,1.22,MX,1730175150
563,yulinshi,38.2906,109.7494,15.85,41,1,3.47,CN,1730174864
564,al jawf,29.5,38.75,16.88,50,8,2.87,SA,1730175153
